<?xml version="1.0" encoding="UTF-8"?>
<project-private xmlns="http://www.netbeans.org/ns/project-private/1">
    <editor-bookmarks xmlns="http://www.netbeans.org/ns/editor-bookmarks/2" lastBookmarkId="0"/>
    <open-files xmlns="http://www.netbeans.org/ns/projectui-open-files/2">
        <group>
            <file>file:/C:/Users/20171pf.cc0224/Desktop/Projeto%20prim%20etapa/ProjetoWEB/src/java/controle/ControleTipo.java</file>
            <file>file:/C:/Users/20171pf.cc0224/Desktop/Projeto%20prim%20etapa/ProjetoWEB/src/conf/persistence.xml</file>
            <file>file:/C:/Users/20171pf.cc0224/Desktop/Projeto%20prim%20etapa/ProjetoWEB/src/java/DAO/DepartamentoDAO.java</file>
            <file>file:/C:/Users/20171pf.cc0224/Desktop/Projeto%20prim%20etapa/ProjetoWEB/web/templates/template.xhtml</file>
            <file>file:/C:/Users/20171pf.cc0224/Desktop/Projeto%20prim%20etapa/ProjetoWEB/web/WEB-INF/glassfish-resources.xml</file>
            <file>file:/C:/Users/20171pf.cc0224/Desktop/Projeto%20prim%20etapa/ProjetoWEB/web/templates/ajaxstatus.xhtml</file>
            <file>file:/C:/Users/20171pf.cc0224/Desktop/Projeto%20prim%20etapa/ProjetoWEB/src/java/controle/ControleProjeto.java</file>
            <file>file:/C:/Users/20171pf.cc0224/Desktop/Projeto%20prim%20etapa/ProjetoWEB/web/privado/projeto/crudprojeto.xhtml</file>
            <file>file:/C:/Users/20171pf.cc0224/Desktop/Projeto%20prim%20etapa/ProjetoWEB/src/java/DAO/TipoDAO.java</file>
            <file>file:/C:/Users/20171pf.cc0224/Desktop/Projeto%20prim%20etapa/ProjetoWEB/web/privado/tipo/crudtipo.xhtml</file>
            <file>file:/C:/Users/20171pf.cc0224/Desktop/Projeto%20prim%20etapa/ProjetoWEB/web/WEB-INF/web.xml</file>
            <file>file:/C:/Users/20171pf.cc0224/Desktop/Projeto%20prim%20etapa/ProjetoWEB/web/privado/departamento/cruddepartamento.xhtml</file>
            <file>file:/C:/Users/20171pf.cc0224/Desktop/Projeto%20prim%20etapa/ProjetoWEB/src/java/controle/ControleDepartamento.java</file>
            <file>file:/C:/Users/20171pf.cc0224/Desktop/Projeto%20prim%20etapa/ProjetoWEB/src/java/converter/ConverterTipo.java</file>
            <file>file:/C:/Users/20171pf.cc0224/Desktop/Projeto%20prim%20etapa/ProjetoWEB/src/java/DAO/DAOGenerico.java</file>
        </group>
    </open-files>
</project-private>
