<?xml version="1.0" encoding="UTF-8"?>
<project-private xmlns="http://www.netbeans.org/ns/project-private/1">
    <editor-bookmarks xmlns="http://www.netbeans.org/ns/editor-bookmarks/2" lastBookmarkId="0"/>
    <open-files xmlns="http://www.netbeans.org/ns/projectui-open-files/2">
        <group>
            <file>file:/C:/Users/20171pf.cc0224/Desktop/Projeto%20prim%20etapa/Projeto/src/modelo/Projeto.java</file>
            <file>file:/C:/Users/20171pf.cc0224/Desktop/Projeto%20prim%20etapa/Projeto/test/TestePersistirTipo.java</file>
            <file>file:/C:/Users/20171pf.cc0224/Desktop/Projeto%20prim%20etapa/Projeto/test/TestePersistirPessoa.java</file>
            <file>file:/C:/Users/20171pf.cc0224/Desktop/Projeto%20prim%20etapa/Projeto/test/TestePersistirDepartamento.java</file>
            <file>file:/C:/Users/20171pf.cc0224/Desktop/Projeto%20prim%20etapa/Projeto/src/modelo/Tipo.java</file>
        </group>
    </open-files>
</project-private>
